<?xml version="1.0" encoding="UTF-8"?>
<project-private xmlns="http://www.netbeans.org/ns/project-private/1">
    <editor-bookmarks xmlns="http://www.netbeans.org/ns/editor-bookmarks/2" lastBookmarkId="0"/>
    <open-files xmlns="http://www.netbeans.org/ns/projectui-open-files/2">
        <group>
            <file>file:/D:/Users/pmjdo/Documents/GitHub/Revature/eclipse-workspace/Unit%20Converter/src/main/Conversion.java</file>
            <file>file:/D:/Users/pmjdo/Documents/GitHub/Revature/eclipse-workspace/Unit%20Converter/src/main/Converter.java</file>
            <file>file:/D:/Users/pmjdo/Documents/GitHub/Revature/eclipse-workspace/Unit%20Converter/src/main/Measurement.java</file>
        </group>
    </open-files>
</project-private>
